id_cosecha,fecha,vivero,color,tamano_cm,cantidad_paquetes
1,2026-01-07,Vivero Llagamarca 1,Rojo,80,8
2,2026-01-07,Vivero Llagamarca 1,Amarillo,50,7
3,2026-01-07,Vivero Llagamarca 1,Rosado,50,23
4,2026-01-07,Vivero Llagamarca 1,Rojo,80,23
5,2026-01-07,Vivero Llagamarca 2,Rojo,60,18
6,2026-01-07,Vivero Llagamarca 2,Amarillo,50,23
7,2026-01-07,Vivero Llagamarca 2,Rojo,80,6
8,2026-01-07,Vivero Llagamarca 2,Rosado,60,19
9,2026-01-06,Vivero Llagamarca 1,Amarillo,50,27
10,2026-01-06,Vivero Llagamarca 1,Rosado,60,28
11,2026-01-06,Vivero Llagamarca 1,Rosado,50,29
12,2026-01-06,Vivero Llagamarca 1,Rojo,80,23
13,2026-01-06,Vivero Llagamarca 2,Blanco,80,20
14,2026-01-06,Vivero Llagamarca 2,Rojo,60,20
15,2026-01-06,Vivero Llagamarca 2,Blanco,80,23
17,2026-01-08,Vivero Llagamarca 1,Rojo,60,6
18,2026-01-08,Vivero Llagamarca 1,Amarillo,60,17
19,2026-01-08,Vivero Llagamarca 1,Amarillo,60,22
20,2026-01-08,Vivero Llagamarca 1,Blanco,80,18
21,2026-01-08,Vivero Llagamarca 2,Amarillo,50,10
23,2026-01-08,Vivero Llagamarca 2,Blanco,50,27
24,2026-01-08,Vivero Llagamarca 2,Rosado,60,17
25,2026-01-12,Vivero Llagamarca 1,Rosado,50,8
26,2026-01-12,Vivero Llagamarca 1,Rojo,80,8
27,2026-01-12,Vivero Llagamarca 1,Amarillo,80,17
28,2026-01-12,Vivero Llagamarca 1,Blanco,60,8
29,2026-01-12,Vivero Llagamarca 2,Rosado,60,20
30,2026-01-12,Vivero Llagamarca 2,Rosado,80,13
31,2026-01-12,Vivero Llagamarca 2,Amarillo,80,16
32,2026-01-12,Vivero Llagamarca 2,Blanco,80,7
33,2026-01-13,Vivero Llagamarca 1,Amarillo,60,29
34,2026-01-13,Vivero Llagamarca 1,Amarillo,50,17
36,2026-01-13,Vivero Llagamarca 1,Rosado,60,11
37,2026-01-13,Vivero Llagamarca 2,Blanco,60,7
38,2026-01-13,Vivero Llagamarca 2,Blanco,50,20
39,2026-01-13,Vivero Llagamarca 2,Blanco,80,7
40,2026-01-13,Vivero Llagamarca 2,Amarillo,60,10
41,2026-01-18,Vivero Llagamarca 1,Rosado,60,17
42,2026-01-18,Vivero Llagamarca 1,Amarillo,50,5
43,2026-01-18,Vivero Llagamarca 1,Amarillo,80,24
44,2026-01-18,Vivero Llagamarca 1,Amarillo,50,5
45,2026-01-18,Vivero Llagamarca 2,Amarillo,60,11
46,2026-01-18,Vivero Llagamarca 2,Amarillo,60,21
47,2026-01-18,Vivero Llagamarca 2,Rosado,50,6
48,2026-01-18,Vivero Llagamarca 2,Rosado,80,9
49,2026-01-25,Vivero Llagamarca 1,Rojo,50,9
50,2026-01-25,Vivero Llagamarca 1,Blanco,80,21
51,2026-01-25,Vivero Llagamarca 1,Rojo,80,6
52,2026-01-25,Vivero Llagamarca 1,Rojo,80,19
53,2026-01-25,Vivero Llagamarca 2,Amarillo,80,13
54,2026-01-25,Vivero Llagamarca 2,Amarillo,80,21
55,2026-01-25,Vivero Llagamarca 2,Amarillo,60,9
56,2026-01-25,Vivero Llagamarca 2,Rojo,80,12
57,2026-01-20,Vivero Llagamarca 1,Rojo,50,27
58,2026-01-20,Vivero Llagamarca 1,Rojo,60,12
59,2026-01-20,Vivero Llagamarca 1,Rosado,50,26
60,2026-01-20,Vivero Llagamarca 1,Rosado,60,18
61,2026-01-20,Vivero Llagamarca 2,Rosado,50,15
62,2026-01-20,Vivero Llagamarca 2,Rosado,60,21
63,2026-01-20,Vivero Llagamarca 2,Amarillo,50,7
64,2026-01-20,Vivero Llagamarca 2,Amarillo,60,29
65,2026-01-23,Vivero Llagamarca 1,Blanco,60,9
66,2026-01-23,Vivero Llagamarca 1,Rojo,60,6
67,2026-01-23,Vivero Llagamarca 1,Rojo,60,5
68,2026-01-23,Vivero Llagamarca 1,Amarillo,50,13
69,2026-01-23,Vivero Llagamarca 2,Rosado,60,24
70,2026-01-23,Vivero Llagamarca 2,Amarillo,60,6
71,2026-01-23,Vivero Llagamarca 2,Amarillo,60,19
73,2026-01-27,Vivero Llagamarca 1,Rosado,80,20
74,2026-01-27,Vivero Llagamarca 1,Blanco,80,11
75,2026-01-27,Vivero Llagamarca 1,Amarillo,60,16
76,2026-01-27,Vivero Llagamarca 1,Blanco,60,10
77,2026-01-27,Vivero Llagamarca 2,Blanco,80,12
79,2026-01-27,Vivero Llagamarca 2,Blanco,50,6
80,2026-01-27,Vivero Llagamarca 2,Amarillo,50,15
81,2026-01-29,Vivero Llagamarca 1,Amarillo,50,21
82,2026-01-29,Vivero Llagamarca 1,Rojo,50,17
83,2026-01-29,Vivero Llagamarca 1,Blanco,80,12
84,2026-01-29,Vivero Llagamarca 1,Rosado,60,28
85,2026-01-29,Vivero Llagamarca 2,Amarillo,50,27
86,2026-01-29,Vivero Llagamarca 2,Amarillo,80,29
88,2026-01-29,Vivero Llagamarca 2,Rosado,60,22
90,2026-01-26,Vivero Llagamarca 1,Rojo,80,21
91,2026-01-26,Vivero Llagamarca 1,Rojo,60,12
92,2026-01-26,Vivero Llagamarca 1,Rosado,60,17
93,2026-01-26,Vivero Llagamarca 2,Amarillo,50,24
94,2026-01-26,Vivero Llagamarca 2,Blanco,80,23
95,2026-01-26,Vivero Llagamarca 2,Blanco,80,8
96,2026-01-26,Vivero Llagamarca 2,Blanco,60,19
97,2026-02-06,Vivero Llagamarca 1,Rosado,50,14
98,2026-02-06,Vivero Llagamarca 1,Rosado,50,11
99,2026-02-06,Vivero Llagamarca 1,Blanco,60,9
100,2026-02-06,Vivero Llagamarca 1,Blanco,50,20
101,2026-02-06,Vivero Llagamarca 2,Amarillo,50,20
102,2026-02-06,Vivero Llagamarca 2,Amarillo,60,16
103,2026-02-06,Vivero Llagamarca 2,Rojo,60,29
104,2026-02-06,Vivero Llagamarca 2,Amarillo,80,5
105,2026-02-03,Vivero Llagamarca 1,Rojo,60,17
106,2026-02-03,Vivero Llagamarca 1,Rosado,60,6
107,2026-02-03,Vivero Llagamarca 1,Blanco,80,9
108,2026-02-03,Vivero Llagamarca 1,Blanco,50,29
109,2026-02-03,Vivero Llagamarca 2,Rosado,80,22
110,2026-02-03,Vivero Llagamarca 2,Rosado,60,24
111,2026-02-03,Vivero Llagamarca 2,Amarillo,50,20
112,2026-02-03,Vivero Llagamarca 2,Blanco,60,25
113,2026-02-04,Vivero Llagamarca 1,Rosado,50,10
114,2026-02-04,Vivero Llagamarca 1,Rosado,80,12
115,2026-02-04,Vivero Llagamarca 1,Rosado,60,9
116,2026-02-04,Vivero Llagamarca 1,Rosado,80,7
117,2026-02-04,Vivero Llagamarca 2,Amarillo,50,28
118,2026-02-04,Vivero Llagamarca 2,Amarillo,60,13
119,2026-02-04,Vivero Llagamarca 2,Blanco,50,26
120,2026-02-04,Vivero Llagamarca 2,Amarillo,60,17
122,2026-02-15,Vivero Llagamarca 1,Rosado,60,12
123,2026-02-15,Vivero Llagamarca 1,Rojo,80,27
124,2026-02-15,Vivero Llagamarca 1,Rojo,50,30
125,2026-02-15,Vivero Llagamarca 2,Blanco,50,25
126,2026-02-15,Vivero Llagamarca 2,Rojo,50,7
128,2026-02-15,Vivero Llagamarca 2,Blanco,60,25
130,2026-02-09,Vivero Llagamarca 1,Blanco,50,5
131,2026-02-09,Vivero Llagamarca 1,Amarillo,80,18
132,2026-02-09,Vivero Llagamarca 1,Blanco,80,18
133,2026-02-09,Vivero Llagamarca 2,Blanco,80,21
134,2026-02-09,Vivero Llagamarca 2,Blanco,50,12
135,2026-02-09,Vivero Llagamarca 2,Blanco,50,24
136,2026-02-09,Vivero Llagamarca 2,Rosado,60,26
137,2026-02-10,Vivero Llagamarca 1,Rojo,50,5
138,2026-02-10,Vivero Llagamarca 1,Rojo,50,17
139,2026-02-10,Vivero Llagamarca 1,Rojo,50,15
140,2026-02-10,Vivero Llagamarca 1,Rosado,60,15
141,2026-02-10,Vivero Llagamarca 2,Blanco,50,16
142,2026-02-10,Vivero Llagamarca 2,Amarillo,60,16
143,2026-02-10,Vivero Llagamarca 2,Rosado,50,6
144,2026-02-10,Vivero Llagamarca 2,Rosado,50,15
145,2026-02-19,Vivero Llagamarca 1,Rojo,60,7
146,2026-02-19,Vivero Llagamarca 1,Rojo,80,15
147,2026-02-19,Vivero Llagamarca 1,Rojo,60,28
148,2026-02-19,Vivero Llagamarca 1,Blanco,50,28
149,2026-02-19,Vivero Llagamarca 2,Amarillo,50,20
150,2026-02-19,Vivero Llagamarca 2,Rosado,60,18
151,2026-02-19,Vivero Llagamarca 2,Amarillo,50,30
152,2026-02-19,Vivero Llagamarca 2,Amarillo,80,12
153,2026-02-17,Vivero Llagamarca 1,Rojo,80,11
154,2026-02-17,Vivero Llagamarca 1,Rojo,80,6
155,2026-02-17,Vivero Llagamarca 1,Rosado,50,7
156,2026-02-17,Vivero Llagamarca 1,Rosado,60,27
157,2026-02-17,Vivero Llagamarca 2,Rosado,60,24
158,2026-02-17,Vivero Llagamarca 2,Rojo,60,14
159,2026-02-17,Vivero Llagamarca 2,Blanco,50,19
160,2026-02-17,Vivero Llagamarca 2,Blanco,80,11
161,2026-02-22,Vivero Llagamarca 1,Amarillo,80,21
162,2026-02-22,Vivero Llagamarca 1,Rojo,50,5
163,2026-02-22,Vivero Llagamarca 1,Blanco,50,14
164,2026-02-22,Vivero Llagamarca 1,Amarillo,50,16
165,2026-02-22,Vivero Llagamarca 2,Blanco,80,5
167,2026-02-22,Vivero Llagamarca 2,Amarillo,50,15
169,2026-02-23,Vivero Llagamarca 1,Amarillo,80,22
170,2026-02-23,Vivero Llagamarca 1,Blanco,60,14
171,2026-02-23,Vivero Llagamarca 1,Blanco,80,23
172,2026-02-23,Vivero Llagamarca 1,Blanco,80,11
173,2026-02-23,Vivero Llagamarca 2,Rojo,60,10
174,2026-02-23,Vivero Llagamarca 2,Blanco,60,29
175,2026-02-23,Vivero Llagamarca 2,Rojo,80,30
176,2026-02-23,Vivero Llagamarca 2,Blanco,80,21
177,2026-02-26,Vivero Llagamarca 1,Amarillo,50,8
178,2026-02-26,Vivero Llagamarca 1,Rojo,60,15
179,2026-02-26,Vivero Llagamarca 1,Rojo,80,30
180,2026-02-26,Vivero Llagamarca 1,Amarillo,60,10
181,2026-02-26,Vivero Llagamarca 2,Amarillo,60,16
182,2026-02-26,Vivero Llagamarca 2,Amarillo,50,22
183,2026-02-26,Vivero Llagamarca 2,Blanco,50,17
184,2026-02-26,Vivero Llagamarca 2,Blanco,80,12
186,2026-03-01,Vivero Llagamarca 1,Rosado,80,29
187,2026-03-01,Vivero Llagamarca 1,Rosado,50,7
188,2026-03-01,Vivero Llagamarca 1,Rosado,80,21
189,2026-03-01,Vivero Llagamarca 2,Rojo,80,15
190,2026-03-01,Vivero Llagamarca 2,Rosado,80,30
191,2026-03-01,Vivero Llagamarca 2,Rojo,50,9
192,2026-03-01,Vivero Llagamarca 2,Amarillo,80,30
193,2026-03-04,Vivero Llagamarca 1,Blanco,60,9
194,2026-03-04,Vivero Llagamarca 1,Blanco,80,21
195,2026-03-04,Vivero Llagamarca 1,Rojo,60,10
196,2026-03-04,Vivero Llagamarca 1,Rosado,50,30
197,2026-03-04,Vivero Llagamarca 2,Rojo,80,16
198,2026-03-04,Vivero Llagamarca 2,Rojo,60,22
199,2026-03-04,Vivero Llagamarca 2,Blanco,60,17
200,2026-03-04,Vivero Llagamarca 2,Rojo,60,12
201,2026-03-06,Vivero Llagamarca 1,Blanco,60,25
202,2026-03-06,Vivero Llagamarca 1,Rojo,50,9
203,2026-03-06,Vivero Llagamarca 1,Blanco,50,9
204,2026-03-06,Vivero Llagamarca 1,Rojo,80,16
205,2026-03-06,Vivero Llagamarca 2,Rosado,80,14
207,2026-03-06,Vivero Llagamarca 2,Rosado,50,7
208,2026-03-06,Vivero Llagamarca 2,Blanco,50,6
209,2026-03-08,Vivero Llagamarca 1,Rosado,80,21
210,2026-03-08,Vivero Llagamarca 1,Rojo,50,6
211,2026-03-08,Vivero Llagamarca 1,Amarillo,50,29
212,2026-03-08,Vivero Llagamarca 1,Amarillo,80,24
213,2026-03-08,Vivero Llagamarca 2,Amarillo,80,14
215,2026-03-08,Vivero Llagamarca 2,Rosado,50,28
216,2026-03-08,Vivero Llagamarca 2,Rojo,60,12
217,2026-03-14,Vivero Llagamarca 1,Blanco,80,22
219,2026-03-14,Vivero Llagamarca 1,Amarillo,50,28
220,2026-03-14,Vivero Llagamarca 1,Blanco,80,12
221,2026-03-14,Vivero Llagamarca 2,Rojo,50,18
222,2026-03-14,Vivero Llagamarca 2,Blanco,50,17
224,2026-03-14,Vivero Llagamarca 2,Amarillo,60,9
225,2026-03-15,Vivero Llagamarca 1,Rojo,80,7
226,2026-03-15,Vivero Llagamarca 1,Blanco,50,22
227,2026-03-15,Vivero Llagamarca 1,Rosado,50,12
228,2026-03-15,Vivero Llagamarca 1,Rojo,80,25
229,2026-03-15,Vivero Llagamarca 2,Amarillo,60,15
230,2026-03-15,Vivero Llagamarca 2,Blanco,60,6
231,2026-03-15,Vivero Llagamarca 2,Rosado,60,24
232,2026-03-15,Vivero Llagamarca 2,Rojo,60,20
233,2026-03-11,Vivero Llagamarca 1,Rojo,80,14
234,2026-03-11,Vivero Llagamarca 1,Blanco,50,5
235,2026-03-11,Vivero Llagamarca 1,Amarillo,60,23
236,2026-03-11,Vivero Llagamarca 1,Amarillo,60,11
237,2026-03-11,Vivero Llagamarca 2,Rojo,80,29
238,2026-03-11,Vivero Llagamarca 2,Blanco,50,17
239,2026-03-11,Vivero Llagamarca 2,Rojo,60,11
240,2026-03-11,Vivero Llagamarca 2,Amarillo,60,25
