id_tiempo_dw,fecha,anio,mes,semana
1,2026-01-07,2026,1,2
2,2026-01-06,2026,1,2
3,2026-01-08,2026,1,2
4,2026-01-12,2026,1,3
5,2026-01-13,2026,1,3
6,2026-01-18,2026,1,3
7,2026-01-25,2026,1,4
8,2026-01-20,2026,1,4
9,2026-01-23,2026,1,4
10,2026-01-27,2026,1,5
11,2026-01-29,2026,1,5
12,2026-01-26,2026,1,5
13,2026-02-06,2026,2,6
14,2026-02-03,2026,2,6
15,2026-02-04,2026,2,6
16,2026-02-15,2026,2,7
17,2026-02-09,2026,2,7
18,2026-02-10,2026,2,7
19,2026-02-19,2026,2,8
20,2026-02-17,2026,2,8
21,2026-02-22,2026,2,8
22,2026-02-23,2026,2,9
23,2026-02-26,2026,2,9
24,2026-03-01,2026,3,9
25,2026-03-04,2026,3,10
26,2026-03-06,2026,3,10
27,2026-03-08,2026,3,10
28,2026-03-14,2026,3,11
29,2026-03-15,2026,3,11
30,2026-03-11,2026,3,11
31,2026-01-09,2026,1,2
32,2026-01-11,2026,1,2
33,2026-01-17,2026,1,3
34,2026-01-16,2026,1,3
35,2026-01-24,2026,1,4
36,2026-01-19,2026,1,4
37,2026-01-31,2026,1,5
38,2026-01-30,2026,1,5
39,2026-02-08,2026,2,6
40,2026-02-05,2026,2,6
41,2026-02-07,2026,2,6
42,2026-02-13,2026,2,7
43,2026-02-12,2026,2,7
44,2026-02-20,2026,2,8
45,2026-02-21,2026,2,8
46,2026-02-28,2026,2,9
47,2026-03-03,2026,3,10
48,2026-03-07,2026,3,10
49,2026-03-09,2026,3,11
50,2026-03-12,2026,3,11
