id_cosecha,id_tiempo_dw,id_vivero_dw,id_color_dw,id_tamano_dw,cantidad_paquetes
1,1,1,1,3,8
2,1,1,2,1,7
3,1,1,4,1,23
4,1,1,1,3,23
5,1,2,1,2,18
6,1,2,2,1,23
7,1,2,1,3,6
8,1,2,4,2,19
9,2,1,2,1,27
10,2,1,4,2,28
11,2,1,4,1,29
12,2,1,1,3,23
13,2,2,3,3,20
14,2,2,1,2,20
15,2,2,3,3,23
17,3,1,1,2,6
18,3,1,2,2,17
19,3,1,2,2,22
20,3,1,3,3,18
21,3,2,2,1,10
23,3,2,3,1,27
24,3,2,4,2,17
25,4,1,4,1,8
26,4,1,1,3,8
27,4,1,2,3,17
28,4,1,3,2,8
29,4,2,4,2,20
30,4,2,4,3,13
31,4,2,2,3,16
32,4,2,3,3,7
33,5,1,2,2,29
34,5,1,2,1,17
36,5,1,4,2,11
37,5,2,3,2,7
38,5,2,3,1,20
39,5,2,3,3,7
40,5,2,2,2,10
41,6,1,4,2,17
42,6,1,2,1,5
43,6,1,2,3,24
44,6,1,2,1,5
45,6,2,2,2,11
46,6,2,2,2,21
47,6,2,4,1,6
48,6,2,4,3,9
49,7,1,1,1,9
50,7,1,3,3,21
51,7,1,1,3,6
52,7,1,1,3,19
53,7,2,2,3,13
54,7,2,2,3,21
55,7,2,2,2,9
56,7,2,1,3,12
57,8,1,1,1,27
58,8,1,1,2,12
59,8,1,4,1,26
60,8,1,4,2,18
61,8,2,4,1,15
62,8,2,4,2,21
63,8,2,2,1,7
64,8,2,2,2,29
65,9,1,3,2,9
66,9,1,1,2,6
67,9,1,1,2,5
68,9,1,2,1,13
69,9,2,4,2,24
70,9,2,2,2,6
71,9,2,2,2,19
73,10,1,4,3,20
74,10,1,3,3,11
75,10,1,2,2,16
76,10,1,3,2,10
77,10,2,3,3,12
79,10,2,3,1,6
80,10,2,2,1,15
81,11,1,2,1,21
82,11,1,1,1,17
83,11,1,3,3,12
84,11,1,4,2,28
85,11,2,2,1,27
86,11,2,2,3,29
88,11,2,4,2,22
90,12,1,1,3,21
91,12,1,1,2,12
92,12,1,4,2,17
93,12,2,2,1,24
94,12,2,3,3,23
95,12,2,3,3,8
96,12,2,3,2,19
97,13,1,4,1,14
98,13,1,4,1,11
99,13,1,3,2,9
100,13,1,3,1,20
101,13,2,2,1,20
102,13,2,2,2,16
103,13,2,1,2,29
104,13,2,2,3,5
105,14,1,1,2,17
106,14,1,4,2,6
107,14,1,3,3,9
108,14,1,3,1,29
109,14,2,4,3,22
110,14,2,4,2,24
111,14,2,2,1,20
112,14,2,3,2,25
113,15,1,4,1,10
114,15,1,4,3,12
115,15,1,4,2,9
116,15,1,4,3,7
117,15,2,2,1,28
118,15,2,2,2,13
119,15,2,3,1,26
120,15,2,2,2,17
122,16,1,4,2,12
123,16,1,1,3,27
124,16,1,1,1,30
125,16,2,3,1,25
126,16,2,1,1,7
128,16,2,3,2,25
130,17,1,3,1,5
131,17,1,2,3,18
132,17,1,3,3,18
133,17,2,3,3,21
134,17,2,3,1,12
135,17,2,3,1,24
136,17,2,4,2,26
137,18,1,1,1,5
138,18,1,1,1,17
139,18,1,1,1,15
140,18,1,4,2,15
141,18,2,3,1,16
142,18,2,2,2,16
143,18,2,4,1,6
144,18,2,4,1,15
145,19,1,1,2,7
146,19,1,1,3,15
147,19,1,1,2,28
148,19,1,3,1,28
149,19,2,2,1,20
150,19,2,4,2,18
151,19,2,2,1,30
152,19,2,2,3,12
153,20,1,1,3,11
154,20,1,1,3,6
155,20,1,4,1,7
156,20,1,4,2,27
157,20,2,4,2,24
158,20,2,1,2,14
159,20,2,3,1,19
160,20,2,3,3,11
161,21,1,2,3,21
162,21,1,1,1,5
163,21,1,3,1,14
164,21,1,2,1,16
165,21,2,3,3,5
167,21,2,2,1,15
169,22,1,2,3,22
170,22,1,3,2,14
171,22,1,3,3,23
172,22,1,3,3,11
173,22,2,1,2,10
174,22,2,3,2,29
175,22,2,1,3,30
176,22,2,3,3,21
177,23,1,2,1,8
178,23,1,1,2,15
179,23,1,1,3,30
180,23,1,2,2,10
181,23,2,2,2,16
182,23,2,2,1,22
183,23,2,3,1,17
184,23,2,3,3,12
186,24,1,4,3,29
187,24,1,4,1,7
188,24,1,4,3,21
189,24,2,1,3,15
190,24,2,4,3,30
191,24,2,1,1,9
192,24,2,2,3,30
193,25,1,3,2,9
194,25,1,3,3,21
195,25,1,1,2,10
196,25,1,4,1,30
197,25,2,1,3,16
198,25,2,1,2,22
199,25,2,3,2,17
200,25,2,1,2,12
201,26,1,3,2,25
202,26,1,1,1,9
203,26,1,3,1,9
204,26,1,1,3,16
205,26,2,4,3,14
207,26,2,4,1,7
208,26,2,3,1,6
209,27,1,4,3,21
210,27,1,1,1,6
211,27,1,2,1,29
212,27,1,2,3,24
213,27,2,2,3,14
215,27,2,4,1,28
216,27,2,1,2,12
217,28,1,3,3,22
219,28,1,2,1,28
220,28,1,3,3,12
221,28,2,1,1,18
222,28,2,3,1,17
224,28,2,2,2,9
225,29,1,1,3,7
226,29,1,3,1,22
227,29,1,4,1,12
228,29,1,1,3,25
229,29,2,2,2,15
230,29,2,3,2,6
231,29,2,4,2,24
232,29,2,1,2,20
233,30,1,1,3,14
234,30,1,3,1,5
235,30,1,2,2,23
236,30,1,2,2,11
237,30,2,1,3,29
238,30,2,3,1,17
239,30,2,1,2,11
240,30,2,2,2,25
